Date,Close,High,Low,Open,Volume
2023-06-13,824.252197265625,837.4394743007632,821.0757144581047,837.4394743007632,7360
2023-06-14,834.5518188476562,840.6160244662723,823.3859817959462,827.7656825898986,8856
2023-06-15,825.7442016601562,847.0652423398511,823.0971227778442,836.476926810603,15852
2023-06-16,824.8297729492188,837.3432362971419,821.1719443545218,826.8511550666159,5410
2023-06-19,817.4661254882812,831.4715681106186,813.375185207651,827.7656810038058,6230
2023-06-20,848.9904174804688,870.6483362937461,817.4661134300319,817.4661134300319,35347
2023-06-21,855.3916015625,865.8836252788138,853.8033306038707,856.5466436223747,10857
2023-06-22,850.1455688476562,863.4290814271308,847.2097292061324,859.6750184423177,9853
2023-06-23,837.054443359375,859.4342919730922,827.8618721305799,837.920783580251,11522
2023-06-26,845.5733032226562,880.7072609194468,829.6427122363394,833.156072755499,29462
2023-06-27,866.3168334960938,888.8892116301383,845.5733699553336,845.5733699553336,55296
2023-06-28,869.5413208007812,884.5093955912345,866.7980080181151,869.6376134647378,11814
2023-06-30,934.900146484375,950.4938595195382,866.3167380550193,867.6643653701171,131734
2023-07-03,940.1943359375,952.8522099805422,920.7984425941636,943.0339415356543,40668
2023-07-04,937.4509887695312,962.5741505998417,930.8573205874042,944.6702948990301,29076
2023-07-05,938.8948974609375,951.9858830705601,929.124745838077,929.124745838077,16134
2023-07-06,928.5952758789062,948.8574495852589,913.9160203818986,938.8466551230202,19225
2023-07-07,919.2583618164062,935.1408361305117,910.1620238681543,928.884103824955,13114
2023-07-10,902.7020263671875,929.8947461121388,900.0068304966217,924.3118277907818,10131
2023-07-11,925.8038330078125,930.7129965680278,904.9159615869715,907.22616311541,12149
2023-07-12,912.087158203125,931.868045975447,905.8785429531906,930.4723604064259,8453
2023-07-13,913.2903442382812,940.3868301343634,909.7769838318035,916.659353772387,26347
2023-07-14,971.3335571289062,983.3176171189306,917.8625745237575,917.8625745237575,98825
2023-07-17,967.4832153320312,1011.3765712872199,948.1836161593211,981.007428590401,68178
2023-07-18,956.22119140625,978.1197534858346,941.4456428404953,972.3443085417683,24716
2023-07-19,965.2212524414062,968.5421450900315,948.1836778209138,956.2212074198603,24171
2023-07-20,966.90576171875,986.6385323660714,957.7613070285279,970.0822447557067,29238
2023-07-21,945.0614013671875,968.8074340905497,938.1375410370271,955.5935544344401,27327
2023-07-24,958.762939453125,970.221480122224,945.0614027807933,949.7911340037228,16624
2023-07-25,945.5490112304688,963.5901180252505,939.9904475646937,958.7629505808856,11115
2023-07-26,972.46435546875,989.8228125932443,949.9861251756699,949.9861251756699,52675
2023-07-27,923.1683349609375,965.4430127723467,920.5840445021165,965.4430127723467,58030
2023-07-28,908.930419921875,932.6764521100541,903.0305025170086,927.8004774744331,16926
2023-07-31,900.2024536132812,919.121259852672,892.4008938479535,911.7098018840816,24502
2023-08-01,921.998046875,924.679832898766,902.6403920452933,906.8825256501368,16706
2023-08-02,892.9860229492188,925.4600027101555,882.8927195567977,925.4600027101555,12338
2023-08-03,912.782470703125,921.5592252291166,896.4479553353074,897.4718981257712,9413
2023-08-04,922.193115234375,935.2119438242931,916.6832400363248,917.3658883959062,11422
2023-08-07,929.6045532226562,941.0143456385146,924.5335277577,936.1383710608977,18516
2023-08-08,935.0656127929688,938.673845853198,923.7046278388253,934.1392252482333,8899
2023-08-09,920.9740600585938,939.746561326928,909.9543103984267,935.0655783287959,9464
2023-08-10,937.2110595703125,950.8150405157729,920.9740999757474,920.9740999757474,16900
2023-08-11,926.8740234375,948.8159091332215,924.5335318214867,934.2367331778295,6250
2023-08-14,905.4684448242188,934.4317446242844,895.2776464381179,931.5549078280399,12276
2023-08-16,933.8466186523438,954.6670656187429,905.1271762729679,907.8089622658325,31851
2023-08-17,924.0947265625,939.9416447701069,911.8072937915342,933.8466762287196,5740
2023-08-18,912.0510864257812,928.4343498510868,910.2957474018515,924.0947203744433,11184
2023-08-21,914.9279174804688,922.8269727970968,908.8816968631951,922.2418796333378,4724
2023-08-22,913.5138549804688,922.9245099077662,911.8072638449302,919.5113276366889,7183
2023-08-23,915.0740966796875,926.4351409002489,910.8320227377184,918.0972365363812,8042
2023-08-24,932.627685546875,940.8680949458067,915.5617735756108,919.6576043529496,13938
2023-08-25,927.7029418945312,936.1871498442298,917.7071936800486,932.6276644764558,8778
2023-08-28,927.6054077148438,941.0630855311582,917.7559034385492,932.3838270478418,9969
2023-08-29,915.4154663085938,941.0630803240721,911.0758370909475,938.1374956184014,15316
2023-08-30,907.71142578125,927.3128795187489,906.3461885967056,919.9989175691989,30113
2023-08-31,915.903076171875,923.5095846054677,907.0287667317051,916.683220199725,23070
2023-09-01,960.5670166015625,970.0264194307065,920.4865283467594,920.4865283467594,64305
2023-09-04,965.4429931640625,993.7236464991714,957.6901814662372,970.3189678770123,57205
2023-09-05,970.6602783203125,981.1436241261943,960.5670343063761,975.0974629992782,22227
2023-09-06,1074.664794921875,1140.78305768918,974.2684666499387,975.5362081335428,638930
2023-09-07,1091.2430419921875,1113.1849262145504,1059.5980165862047,1072.7143397599698,113076
2023-09-08,1074.7623291015625,1100.0199020801354,1067.8384687745995,1087.3423677476515,39177
2023-09-11,1041.703125,1106.553584632116,1036.6809665931926,1080.1746345079173,40795
2023-09-12,996.3566284179688,1082.4663250760939,987.531126590727,1057.3550567241034,56900
2023-09-13,1019.5173950195312,1025.9049688206637,998.5995133767677,1001.3787948545537,23154
2023-09-14,1038.2899169921875,1051.7476536404058,1018.9323228824711,1019.176121596806,22882
2023-09-15,1029.7083740234375,1053.2105485672548,1022.004310091188,1048.0419677027153,15183
2023-09-18,1020.9315795898438,1043.4585583017197,1019.0786854442028,1034.8767954389346,7965
2023-09-20,1023.5645751953125,1035.6082087779407,1009.375560382627,1020.0538972541506,16992
2023-09-21,1028.343017578125,1033.7065895048008,1014.495297675282,1019.0786660684122,16989
2023-09-22,1031.414794921875,1038.3874614887786,1016.8843687217005,1033.5114875318295,11020
2023-09-25,1026.0513916015625,1072.6656388384233,1016.3969377772657,1020.0539188438665,23178
2023-09-26,1035.3643798828125,1061.5484582365618,1020.0538675376657,1025.173640773395,38559
2023-09-27,1079.00439453125,1090.1704480277863,1026.441482460881,1040.5818091011708,54678
2023-09-28,1071.1541748046875,1095.0951398022148,1063.0113206444598,1087.7811775548807,31088
2023-09-29,1067.25341796875,1108.9916920020894,1058.5741587728276,1072.7632934557719,31950
2023-10-03,1043.653564453125,1080.515980352861,1040.5817956634385,1070.7640310716981,12784
2023-10-04,1124.350830078125,1182.911327155651,1064.473962832723,1072.7143115179028,982500
2023-10-05,1179.3519287109375,1188.5187845809955,1120.4014446126587,1135.9070673338153,378823
2023-10-06,1317.7322998046875,1361.3722779110778,1164.334072162375,1170.2340497802961,741132
2023-10-09,1279.1632080078125,1336.0171229747002,1224.0160032987594,1287.257373961025,212803
2023-10-10,1398.088134765625,1412.0821571973374,1279.4556562451014,1279.4556562451014,346833
2023-10-11,1364.931640625,1395.50397861212,1341.4294660515334,1391.6031987976905,121305
2023-10-12,1311.63720703125,1385.7032158262225,1297.3505772131082,1372.099293898118,67205
2023-10-13,1305.5909423828125,1363.2736238335824,1298.9595696356034,1304.8107388681963,42609
2023-10-16,1280.5284423828125,1317.4395467788509,1261.4146455094235,1304.8108200167055,25222
2023-10-17,1282.186279296875,1306.4685366404492,1272.6293218301782,1287.3547407493995,12147
2023-10-18,1248.1519775390625,1297.0092182683718,1234.1091471568604,1297.0092182683718,15378
2023-10-19,1293.6448974609375,1301.836439736905,1233.6216011855236,1238.4975758937667,24694
2023-10-20,1234.157958984375,1312.2222396627662,1225.5273888458303,1287.2572739164916,22606
2023-10-23,1111.917236328125,1213.093712568522,1100.019905534147,1213.093712568522,109677
2023-10-25,1104.8470458984375,1143.9036503760428,1084.0266579971644,1106.846243117484,40419
2023-10-26,1147.9993896484375,1172.184270806135,1058.2814587714288,1088.2687019721682,43488
2023-10-27,1124.7410888671875,1165.2604872724185,1120.9378046959168,1150.7300584881232,32170
2023-10-30,1124.5460205078125,1140.3441302394665,1110.3081988045872,1136.1020562413692,11484
2023-10-31,1135.1396484375,1162.8307637527798,1115.4306524416902,1134.942486301043,23435
2023-11-01,1124.59521484375,1149.034416940947,1119.47092422377,1146.472271630957,13761
2023-11-02,1134.4498291015625,1145.289777546152,1125.433059130719,1128.3400880959173,13895
2023-11-03,1153.1241455078125,1167.7087308516673,1139.278527244131,1145.6347508399767,20607
2023-11-06,1156.228271484375,1188.4524310749616,1150.3647731346637,1188.4524310749616,22065
2023-11-07,1150.2662353515625,1167.7579686370543,1144.4520576936093,1167.7579686370543,13852
2023-11-08,1153.419677734375,1165.1958750968558,1134.3512480401755,1165.1958750968558,6464
2023-11-09,1163.1263427734375,1180.3223921239985,1144.107115221008,1145.141885535898,12862
2023-11-10,1154.15869140625,1164.752276148294,1145.1419224890458,1164.752276148294,5027
2023-11-13,1205.15576171875,1222.0562495240108,1183.5251871405492,1198.3069338575417,16620
2023-11-15,1220.331787109375,1231.8123018211825,1210.7236511551698,1221.8099618715603,13245
2023-11-16,1231.3687744140625,1247.4808536523747,1203.283456740142,1220.9722315083338,26465
2023-11-17,1226.4908447265625,1245.0173498048325,1214.320563282022,1241.5682753706778,11887
2023-11-20,1194.2666015625,1230.1369972865964,1189.4378736256513,1228.855864466601,12240
2023-11-21,1190.42333984375,1221.2679662206117,1185.299049081293,1202.1502163397852,11171
2023-11-22,1172.2418212890625,1195.350570263466,1165.7870771819291,1195.350570263466,8132
2023-11-23,1175.05029296875,1188.5017059663776,1167.7579408405345,1172.7345101406827,6367
2023-11-24,1177.3167724609375,1207.4223105498713,1164.0132007878722,1186.6785451197613,5982
2023-11-28,1159.3817138671875,1179.0413896693253,1148.4432449180092,1172.685286444499,9815
2023-11-29,1144.4520263671875,1174.31120147319,1138.2437652094725,1153.4689155066562,13936
2023-11-30,1134.9423828125,1154.6513770111656,1130.310817293475,1154.6513770111656,11474
2023-12-01,1126.41845703125,1144.8956410276892,1124.3982367966394,1129.3748064706804,9712
2023-12-04,1132.2818603515625,1169.6796334700496,1116.514662992446,1137.2091095262865,39553
2023-12-05,1132.7745361328125,1144.747775166864,1124.6445753471703,1133.2672610289121,13677
2023-12-06,1142.8753662109375,1150.611122815831,1124.3488624909746,1140.1653793542184,11260
2023-12-07,1151.00537109375,1162.7814481341063,1141.2001936614308,1151.9908208977686,11776
2023-12-08,1135.927978515625,1162.7322862472804,1128.3400628915765,1162.7322862472804,10650
2023-12-11,1184.5599365234375,1206.683235599908,1135.2381277346622,1135.2381277346622,25455
2023-12-12,1275.1226806640625,1305.671623507475,1197.3214695079396,1207.175967199363,257456
2023-12-13,1277.8819580078125,1305.6223924139895,1262.361124509742,1296.8518656165654,45122
2023-12-14,1311.3380126953125,1380.0239365578907,1266.2536839343643,1281.084751677217,101546
2023-12-15,1314.491455078125,1339.1276990060674,1300.9907212291166,1316.5115549037205,39158
2023-12-18,1300.3009033203125,1325.429871137416,1276.157385221527,1314.4914033229195,34398
2023-12-19,1269.8505859375,1315.4769597131126,1266.3029907227128,1313.3088979805127,19908
2023-12-20,1196.28662109375,1305.7208589358047,1188.4523440577966,1269.9489865318264,33134
2023-12-21,1232.0091552734375,1254.4774563404799,1184.5105282963525,1212.1031196376985,24218
2023-12-22,1252.26025390625,1259.6018063328338,1226.8849231660683,1249.106862863968,15256
2023-12-26,1353.17041015625,1369.7752151443106,1297.7388591836836,1354.9934682182927,110999
2023-12-27,1330.0615234375,1413.1349882270927,1318.531809098919,1359.920699967495,105714
2023-12-28,1363.6160888671875,1380.5657764160212,1327.1544481892572,1335.1858876947142,70022
2023-12-29,1380.9600830078125,1453.5384864047546,1357.9498537394927,1368.0507144077292,165599
2024-01-01,1435.80029296875,1458.4656373327043,1387.0698507039124,1389.484154485887,110681
2024-01-02,1433.4844970703125,1468.3201215324004,1408.010645195176,1454.9180290457016,44604
2024-01-03,1436.2437744140625,1448.414175777027,1414.0711537361908,1433.484587128427,35733
2024-01-04,1402.44287109375,1439.6928004054446,1398.3532304694152,1438.7566712370303,22686
2024-01-05,1425.650146484375,1446.6402748847686,1403.674688599612,1416.091331750281,27564
2024-01-08,1456.9874267578125,1502.170272849029,1411.2133348870407,1438.7566067408902,82420
2024-01-09,1448.660400390625,1488.0290683528958,1433.1395673929044,1463.392825499371,33552
2024-01-10,1440.5797119140625,1473.2473956147876,1421.4127621422901,1448.6604721467736,27854
2024-01-11,1459.648193359375,1488.029195672652,1435.3569520626997,1454.4253816040427,24469
2024-01-12,1514.1435546875,1537.3016240237553,1464.181300024392,1476.203738966401,97951
2024-01-15,1514.2421875,1565.2885369054118,1497.8344237415342,1532.3744884641328,48845
2024-01-16,1440.3333740234375,1514.2421075046705,1419.047682839675,1514.2421075046705,53005
2024-01-17,1394.5098876953125,1463.2450063051997,1390.7159302968237,1438.7072839899356,31775
2024-01-18,1494.089599609375,1535.3306458514976,1361.6451347274112,1389.4840889926902,95334
2024-01-19,1507.196044921875,1571.2995981245172,1492.956344408055,1560.9523759355504,72721
2024-01-23,1437.8697509765625,1521.238778365879,1422.0040335659482,1514.6363129527806,32276
2024-01-24,1415.4014892578125,1431.8584515607033,1347.8488624378197,1385.5423144489669,79009
2024-01-25,1392.785400390625,1438.7073353506803,1375.1951461557417,1404.265914204179,43449
2024-01-29,1395.9881591796875,1418.9983878941282,1379.7282375197726,1399.289391942716,11593
2024-01-30,1419.5897216796875,1454.819551140548,1388.7944162069075,1410.178628209541,21277
2024-01-31,1429.8875732421875,1438.7566209053025,1394.707065629495,1421.0185255790727,20462
2024-02-01,1461.1263427734375,1468.270853688633,1407.2222878481787,1432.7454612454342,22532
2024-02-02,1493.7939453125,1516.607130562047,1449.596549094718,1478.0267496731285,52914
2024-02-05,1511.187255859375,1543.4114159364285,1478.2240084384061,1478.2240084384061,33817
2024-02-06,1511.8277587890625,1537.3016107806668,1470.2910277466376,1537.3016107806668,35674
2024-02-07,1535.7249755859375,1547.1561690821063,1484.0873825717529,1490.443485594584,41902
2024-02-08,1505.0775146484375,1555.0890915661594,1495.3215376539308,1546.0722019152645,36965
2024-02-09,1493.2027587890625,1525.6240801679146,1461.372683211318,1498.0806870158997,23675
2024-02-12,1480.539794921875,1511.7785052815511,1449.6459679313493,1478.174691356871,28726
2024-02-13,1514.19287109375,1521.485103054721,1443.979575960467,1458.3177977375046,22384
2024-02-14,1586.130615234375,1614.0680902142562,1473.2473038050928,1501.5296621216833,132269
2024-02-15,1581.104736328125,1642.4489806683976,1575.7340835356745,1606.8250699494902,43157
2024-02-16,1709.0162353515625,1793.518551731206,1585.6379743061784,1599.9269957348063,268263
2024-02-19,1753.9527587890625,1772.3314211601758,1676.2993886595148,1709.7553604186294,50978
2024-02-20,1773.9573974609375,1790.5622017452022,1729.6121585624596,1749.1239915012943,57685
2024-02-21,1731.041015625,1788.591305377522,1706.7989757101202,1769.1286727157005,23099
2024-02-22,1719.1170654296875,1759.5698252331565,1704.8280442495611,1712.9580045761847,24971
2024-02-23,1715.6680908203125,1807.3149216338043,1701.4775897322938,1734.0959538447144,77251
2024-02-26,1678.1717529296875,1726.45879497515,1633.4324265351456,1721.1866624024897,36835
2024-02-27,1703.2020263671875,1747.153060513581,1689.0608467209747,1689.5535715887463,50620
2024-02-28,1645.1590576171875,1719.4127934446697,1616.1376102340032,1719.4127934446697,31361
2024-02-29,1617.763671875,1646.63727854662,1610.2742775295426,1638.8030008334822,20225
2024-03-01,1678.3194580078125,1690.0463341813725,1615.3985150477054,1616.1376023658604,23064
2024-03-04,1638.753662109375,1695.3678240976787,1634.8611835994222,1671.3228254277396,10193
2024-03-05,1672.2589111328125,1693.8896053992623,1635.846590857592,1650.0370913672366,22292
2024-03-06,1626.681884765625,1678.910722496778,1596.4286249899612,1673.047344491794,30059
2024-03-07,1611.0625,1663.4391782801529,1606.2830927705268,1640.182588235068,21644
2024-03-11,1554.3499755859375,1611.3089003077262,1542.2288952563538,1611.0625378643945,20898
2024-03-12,1497.489501953125,1576.4240073978176,1478.1747098038545,1576.4240073978176,27438
2024-03-13,1388.5972900390625,1510.2511401059776,1374.8503134376415,1495.9127973888335,31290
2024-03-14,1479.603515625,1507.3932714390096,1374.702435259927,1377.7081051894502,23486
2024-03-15,1484.875732421875,1519.317153090004,1420.9692198558282,1468.320128493015,21200
2024-03-18,1451.4688720703125,1495.4692247758348,1441.9099379033867,1457.480091118869,9786
2024-03-19,1449.1531982421875,1497.8343203375186,1432.8439565339886,1458.4656503922304,14939
2024-03-20,1485.6148681640625,1511.6799668012163,1437.179987281058,1457.4802287477175,23315
2024-03-21,1562.036376953125,1576.76892291369,1496.5039684821797,1576.7196023084543,40497
2024-03-22,1526.3631591796875,1597.3647422975664,1512.7147040459158,1564.8942207837292,32046
2024-03-26,1474.0850830078125,1551.0980101767561,1464.378426380343,1551.0980101767561,22245
2024-03-27,1475.3660888671875,1520.154731024741,1456.593223373444,1474.1342767034027,19777
2024-03-28,1507.343994140625,1542.1304202933597,1458.4657079858773,1473.2474550262748,25262
2024-04-01,1547.5994873046875,1556.8135385568548,1500.347220656836,1506.7526439305764,14360
2024-04-02,1563.8594970703125,1571.7924160022842,1542.4259641248268,1557.059989750524,8089
2024-04-03,1592.48681640625,1625.9921083355894,1545.4315902407807,1571.7430507852741,15762
2024-04-04,1566.224609375,1635.8466615284,1552.083428859777,1608.4019087658075,17903
2024-04-05,1641.7100830078125,1668.31722820448,1557.0107189160888,1607.268659843127,86847
2024-04-08,1625.9920654296875,1661.6160974674783,1616.137568063447,1661.6160974674783,16924
2024-04-09,1627.3717041015625,1662.8970946025186,1617.1230028764212,1636.0435895273313,11044
2024-04-10,1601.010986328125,1642.2027143688176,1591.6984138632927,1625.992113836416,4022
2024-04-12,1599.434326171875,1622.2473925236209,1588.545057899255,1611.210403018165,10153
2024-04-15,1503.993408203125,1596.4286458129209,1488.0291698626609,1596.4286458129209,35048
2024-04-16,1543.3621826171875,1576.719633300366,1488.0291539272205,1488.0291539272205,46114
2024-04-18,1539.22314453125,1570.461972882378,1511.039306552398,1527.4470684758244,20206
2024-04-19,1535.4293212890625,1598.399588058717,1485.0728601753924,1529.3687809129906,17256
2024-04-22,1546.2691650390625,1566.175321990127,1532.8177520112765,1562.2827233354367,5591
2024-04-23,1539.22314453125,1575.6847842303503,1519.1692667555758,1546.2691340995018,10386
2024-04-24,1528.8759765625,1550.5558712049078,1518.57807472502,1545.1852181497934,4696
2024-04-25,1580.119384765625,1615.940580121792,1535.626423908634,1539.4203814623252,37229
2024-04-26,1573.8126220703125,1614.1667425155358,1557.0106551737158,1586.5741486263812,18717
2024-04-29,1552.4776611328125,1592.4868995249146,1538.2378391431103,1592.4868995249146,9513
2024-04-30,1530.945556640625,1563.8594831175776,1521.041738215821,1555.0890762948443,15914
2024-05-02,1508.871337890625,1560.656647643964,1502.8601187568397,1531.3888395615115,11123
2024-05-03,1485.910400390625,1525.4762324155317,1477.4848770973842,1525.4762324155317,9891
2024-05-06,1451.1240234375,1503.5992206707224,1440.7768014478506,1502.8108127824205,13304
2024-05-07,1451.0748291015625,1463.3436309820727,1428.8528880153121,1451.715395529778,10267
2024-05-08,1610.865478515625,1645.4547411245403,1418.0622084013855,1421.2649201298807,203106
2024-05-09,1516.163818359375,1601.0602212994518,1490.9855281763391,1588.6928986454059,30022
2024-05-10,1531.2412109375,1544.3969422522227,1495.9621788163743,1514.143680259914,15745
2024-05-13,1481.1802978515625,1531.241073076339,1467.9259265107537,1531.241073076339,23368
2024-05-14,1491.8724365234375,1499.7067141070038,1467.3347130984853,1488.02915834702,8332
2024-05-15,1524.9342041015625,1541.9332126968527,1490.985507517329,1490.985507517329,9857
2024-05-16,1531.438232421875,1551.590631695879,1518.6273856692255,1524.9341678352027,11797
2024-05-17,1522.5198974609375,1565.87968742099,1509.7583710335412,1540.2086727474307,11860
2024-05-21,1520.74609375,1561.9872644002899,1514.6363530654505,1525.1806178806405,9071
2024-05-22,1534.148193359375,1561.8885071244054,1502.1210770179337,1507.1468466003746,16924
2024-05-23,1548.09228515625,1561.839381776028,1524.0966070506472,1541.046415458286,9071
2024-05-24,1530.8961181640625,1550.999316223889,1524.49069507551,1532.6206551494422,4576
2024-05-27,1516.755126953125,1569.8215761365727,1504.584845635131,1566.8159060432515,7933
2024-05-28,1505.619384765625,1524.8849756018267,1486.8466391012948,1521.682263896699,8104
2024-05-29,1497.14453125,1523.8995159956428,1488.0784416763686,1505.619375033031,8270
2024-05-30,1466.743408203125,1497.1445084394102,1451.0747333730667,1489.0145481335849,8615
2024-05-31,1443.3883056640625,1463.3436645526267,1433.829490511652,1453.538486944802,10960
2024-06-03,1468.07373046875,1496.9474555810318,1448.2168944153254,1463.294323352704,16681
2024-06-04,1304.7354736328125,1477.1891804951556,1260.1931928923168,1453.5877070165159,93352
2024-06-05,1358.4918212890625,1372.5836807482347,1313.1118115054862,1324.2966422763632,23744
2024-06-06,1390.86376953125,1423.383610540595,1351.1008970832,1358.4917700398694,25007
2024-06-07,1412.987060546875,1446.2953092850155,1397.3677065040913,1411.2133232228696,20668
2024-06-10,1448.5618896484375,1482.4613869268726,1410.3265094725948,1412.9871758227464,20338
2024-06-11,1449.202392578125,1478.1746395725797,1438.7566491839775,1448.5126258639887,11338
2024-06-12,1528.1368408203125,1540.1100790408748,1454.5731150660715,1454.5731150660715,44648
2024-06-13,1555.1875,1600.0746625788345,1544.0518700440239,1565.288359632099,52634
2024-06-14,1508.67431640625,1575.53718127083,1503.796388035857,1575.4385400559415,24526
2024-06-18,1534.6409912109375,1542.0318645643054,1498.7705951437604,1508.6742932607756,31361
2024-06-19,1527.93994140625,1596.4287036943729,1510.743890215604,1549.9647207594965,36471
2024-06-20,1529.122314453125,1554.6454867948614,1518.6765712610381,1550.85152935218,20355
2024-06-21,1543.460693359375,1573.9603154472798,1527.4471346892458,1548.9791879807105,22496
2024-06-24,1571.447509765625,1584.6032402198116,1509.5612156990771,1543.4607120611195,28885
2024-06-25,1556.5179443359375,1610.2249579265097,1547.2546922449694,1576.719665044318,29715
2024-06-26,1625.6964111328125,1650.6283380278521,1542.2288650827395,1556.5178865164135,51475
2024-06-27,1742.866455078125,1772.9226733375829,1645.7011309276936,1671.3228251816577,163107
2024-06-28,1759.372802734375,1811.2567595406597,1719.2157227826438,1742.8665183370376,91484
2024-07-01,1823.13134765625,1871.3690645246215,1725.5225023605121,1736.5594913795921,83928
2024-07-02,1796.2286376953125,1852.8920016604643,1787.063906362413,1838.307296383072,27642
2024-07-03,1827.46728515625,1926.7513498802095,1778.5890004279022,1790.5129186336844,66914
2024-07-04,1836.6812744140625,1866.5896499786325,1798.3964557613012,1851.660062351612,26355
2024-07-05,1808.4482421875,1860.332198722956,1798.5444234831277,1848.7531634598922,19425
2024-07-08,1742.521484375,1832.4930928056485,1716.6041083687116,1832.4930928056485,28288
2024-07-09,1778.1456298828125,1813.2276184416553,1739.860929497918,1748.187932127987,17372
2024-07-10,1724.241455078125,1783.6148051195871,1688.4696997607632,1783.6148051195871,18876
2024-07-11,1707.6365966796875,1753.7063730709076,1694.2345039701645,1750.1094573793919,15375
2024-07-12,1752.2774658203125,1837.7652301106189,1712.1203892228486,1730.4004095833595,29601
2024-07-15,1720.8416748046875,1809.77851726775,1708.7699150243825,1752.2775467812119,12227
2024-07-16,1751.2427978515625,1777.9977837104443,1734.6873135551023,1735.623442737991,10716
2024-07-18,1720.15185546875,1762.969598894958,1699.555931679955,1755.0860009121968,18776
2024-07-19,1658.4134521484375,1714.0420438879585,1636.0929906624083,1711.6277400543372,15180
2024-07-22,1623.4791259765625,1675.2645579290318,1592.5361003771995,1592.5361003771995,27473
2024-07-23,1632.54541015625,1643.7302411556407,1552.1327317700586,1623.5285205658981,19963
2024-07-24,1640.6260986328125,1670.5837970345754,1596.5272194602437,1660.0887324575776,7819
2024-07-25,1661.4683837890625,1686.4003121616895,1633.2352226035646,1653.535464681181,7243
2024-07-26,1700.9443359375,1713.1596028392391,1670.3565860611036,1670.3565860611036,8828
2024-07-29,1699.7030029296875,1736.944523589847,1672.3925544455703,1723.487872299746,11126
2024-07-30,1683.316650390625,1715.5926333627167,1678.4008183987444,1692.2546149059735,6556
2024-07-31,1665.6890869140625,1722.0479217224529,1648.5579873467543,1703.1788845178817,15886
2024-08-01,1658.3897705078125,1729.9430729535197,1631.7248659032825,1713.010667594112,47881
2024-08-02,1656.80078125,1671.3497046678292,1618.5661542577325,1639.6199782917824,11035
2024-08-05,1611.068115234375,1666.0862769953255,1578.593559091531,1590.014291608218,25767
2024-08-06,1576.7562255859375,1643.5923874776477,1564.1438128563716,1605.1094841454671,40306
2024-08-07,1631.724853515625,1640.5634107211808,1580.1328611038941,1580.1328611038941,6953
2024-08-08,1589.76611328125,1633.1151471877204,1584.0060428158101,1615.4379111086896,8481
2024-08-09,1596.469482421875,1611.316386147824,1588.9714747836783,1611.316386147824,4986
2024-08-12,1576.7066650390625,1622.8861496842221,1569.0100842648692,1596.717799297746,7063
2024-08-13,1554.4610595703125,1605.4075079059623,1549.2472467207715,1579.0404630038631,7396
2024-08-14,1530.0802001953125,1559.1285855228202,1529.3850736533957,1559.0292990495327,5819
2024-08-16,1551.978271484375,1563.1507274461085,1541.3023691209405,1548.055546549373,13110
2024-08-19,1547.0625,1571.3439234171412,1529.2858562382332,1571.0956466082587,11982
2024-08-20,1627.6529541015625,1645.3800141380345,1559.1782629556753,1564.193502675215,39730
2024-08-21,1649.302734375,1667.4269402472528,1629.7881542174516,1631.6750820882885,17706
2024-08-22,1649.6007080078125,1675.3717904963223,1638.6268253224257,1650.5441113247705,14354
2024-08-23,1622.290283203125,1661.4683129824284,1619.7578114012795,1661.4683129824284,6739
2024-08-26,1608.3868408203125,1643.1455933944883,1599.00190488794,1619.559297004869,11984
2024-08-27,1610.7701416015625,1629.0930418041276,1598.5052921782103,1608.386781353437,15184
2024-08-28,1593.241943359375,1657.4462274167056,1579.0404617838442,1608.883381895913,48180
2024-08-29,1542.096923828125,1616.7288336594906,1529.3851030514588,1598.9026077356161,15568
2024-08-30,1571.9893798828125,1602.874988943186,1532.711942411881,1545.2747724879785,16974
2024-09-02,1564.888671875,1583.6087183668635,1547.3107229099942,1577.1039389380762,11720
2024-09-03,1524.072021484375,1585.5453827314725,1515.2333429686141,1559.1286336605426,19396
2024-09-04,1513.0484619140625,1532.8111974123879,1495.3711059767859,1501.9255889861588,9907
2024-09-05,1515.8291015625,1536.3367888265534,1504.55735945199,1529.3850386508677,9822
2024-09-06,1497.9036865234375,1535.4927710090128,1490.653955238243,1501.0815811742868,6845
2024-09-09,1497.9036865234375,1519.4043611131995,1479.7297756861974,1497.9036865234375,8037
2024-09-10,1509.0760498046875,1520.3477919469192,1497.1587637556877,1505.1036211216876,9712
2024-09-11,1489.5118408203125,1523.4264766552578,1484.5463047164817,1523.4264766552578,18244
2024-09-12,1506.692626953125,1517.4181120770595,1468.9545529967734,1494.725636588561,16885
2024-09-13,1490.455322265625,1541.2030755317405,1484.6952520603838,1510.4663352015755,14572
2024-09-16,1488.0718994140625,1510.2181179315567,1480.7228816577058,1510.2181179315567,4390
2024-09-17,1483.4041748046875,1529.3353827630804,1479.2828769115458,1498.9463267163899,9318
2024-09-18,1469.60009765625,1491.2001794709088,1448.9434191994044,1485.390405310047,13177
2024-09-19,1454.9517822265625,1489.66083109962,1432.1103161497017,1480.3753028315475,14120
2024-09-20,1475.5587158203125,1501.3795028377763,1448.0495738374407,1501.3795028377763,7397
2024-09-23,1447.2054443359375,1481.6662151399373,1441.0978109066493,1475.5587029395533,9186
2024-09-24,1477.942138671875,1489.9091293454842,1445.4675805781385,1447.2055182394313,7467
2024-09-25,1469.60009765625,1481.7159571250934,1456.8385730263028,1477.9421012360267,5585
2024-09-26,1450.2344970703125,1476.0055804972726,1445.9640876057385,1476.0055804972726,4014
2024-09-27,1474.76416015625,1480.325536110385,1455.0510069076863,1455.0510069076863,8370
2024-09-30,1455.59716796875,1474.7641853336725,1447.9502910548783,1474.7641853336725,5974
2024-10-01,1449.7379150390625,1475.0621482196086,1445.070238539031,1475.0621482196086,8533
2024-10-03,1432.6068115234375,1464.1875471216217,1429.9750532496962,1447.9502689684762,9568
2024-10-04,1463.5419921875,1487.674544980141,1430.0246251026672,1442.9847222003636,10098
2024-10-07,1454.2069091796875,1475.806990597407,1437.1253927464927,1460.8606788719746,21674
2024-10-08,1457.384765625,1473.9696068001767,1449.688185091035,1473.9696068001767,3317
2024-10-09,1650.8421630859375,1677.556650042286,1454.306222051233,1461.0096957163428,240524
2024-10-10,1725.82177734375,1738.4838944129554,1608.8336982049384,1624.3261466085376,133921
2024-10-11,1695.035400390625,1742.9031184572625,1671.3496969259022,1742.9031184572625,27691
2024-10-14,1705.810546875,1731.9788964372015,1688.2821811601161,1688.2821811601161,19149
2024-10-15,1727.8079833984375,1765.7446305692736,1687.2891604821125,1708.0451255484215,30860
2024-10-16,1712.3651123046875,1735.3058646830837,1690.2684768117026,1727.0134436989135,8863
2024-10-17,1687.090576171875,1725.3747863648791,1678.3511842357707,1695.3332932742685,8291
2024-10-18,1704.3704833984375,1737.937554368662,1633.6115972562848,1663.4545163242908,16616
2024-10-21,1715.294677734375,1723.0409622522002,1660.6737826773888,1705.1650329608228,14632
2024-10-22,1623.1343994140625,1706.1084315747316,1603.1232654891085,1702.831250617718,11091
2024-10-23,1701.9871826171875,1793.5516187599942,1602.9743211808557,1632.8668239144074,29317
2024-10-24,1659.482177734375,1702.0865020548454,1638.6269259495623,1690.665768934591,11623
2024-10-25,1585.247314453125,1682.025559332563,1535.5422522805125,1682.025559332563,19788
2024-10-28,1685.749755859375,1709.981595608507,1514.0912018365416,1539.316148778434,27119
2024-10-29,1719.1678466796875,1737.9375969727746,1646.9690018570095,1702.5830049601382,216629
2024-10-30,1681.3304443359375,1727.0630781563054,1678.3511228161456,1708.1443380140654,9706
2024-10-31,1667.7249755859375,1683.7139773189683,1653.8214747347963,1681.33049578442,8788
2024-11-01,1694.7374267578125,1732.773480783992,1683.2669901742183,1683.3166940254862,6006
2024-11-04,1728.949951171875,1749.8549064631252,1668.4698189815592,1716.8837955366544,40171
2024-11-05,1789.8499755859375,1825.0,1740.0,1751.0,53800
2024-11-06,1768.3499755859375,1809.5,1750.0,1799.0,23679
2024-11-07,1752.5999755859375,1784.949951171875,1727.0,1770.0,12116
2024-11-08,1745.0,1789.9000244140625,1739.0,1759.4000244140625,11562
2024-11-11,1772.75,1834.1500244140625,1730.0,1755.699951171875,37145
2024-11-12,1946.449951171875,2055.25,1774.0999755859375,1794.300048828125,526471
2024-11-13,1905.25,2019.9000244140625,1888.75,1925.0,148529
2024-11-14,2048.050048828125,2065.0,1885.550048828125,1904.949951171875,163440
2024-11-18,2098.199951171875,2125.0,1952.3499755859375,2015.25,129037
2024-11-19,2102.60009765625,2144.5,2062.0,2066.800048828125,77653
2024-11-21,2100.10009765625,2238.0,2051.25,2103.0,113929
2024-11-22,2118.35009765625,2165.949951171875,2092.25,2120.0,31724
2024-11-25,2167.199951171875,2224.89990234375,2100.0,2120.0,44437
2024-11-26,2228.64990234375,2285.0,2104.85009765625,2150.0,72629
2024-11-27,2154.10009765625,2269.14990234375,2134.050048828125,2216.050048828125,38482
2024-11-28,2104.5,2199.0,2098.14990234375,2154.10009765625,38577
2024-11-29,2189.699951171875,2275.050048828125,2114.0,2115.0,142877
2024-12-02,2212.199951171875,2247.0,2184.050048828125,2205.050048828125,26124
2024-12-03,2206.550048828125,2237.0,2196.85009765625,2210.0,23412
2024-12-04,2212.699951171875,2272.0,2193.050048828125,2200.0,29759
2024-12-05,2207.800048828125,2236.449951171875,2174.64990234375,2218.0,39849
2024-12-06,2234.449951171875,2263.60009765625,2185.949951171875,2207.800048828125,31154
2024-12-09,2242.050048828125,2252.0,2215.0,2239.0,14635
2024-12-10,2118.949951171875,2399.800048828125,2109.949951171875,2266.0,54872
2024-12-11,2061.0,2142.39990234375,2041.5999755859375,2105.0,27872
2024-12-12,2075.35009765625,2097.60009765625,2035.550048828125,2091.25,18562
2024-12-13,2132.35009765625,2162.0,2048.0,2075.35009765625,38160
2024-12-16,2080.10009765625,2156.199951171875,2043.75,2130.0,10952
2024-12-17,2082.14990234375,2114.800048828125,2034.949951171875,2080.10009765625,14331
2024-12-18,2097.5,2119.949951171875,2070.0,2083.10009765625,13845
2024-12-19,2139.800048828125,2153.75,2063.800048828125,2097.5,15769
2024-12-20,2080.60009765625,2151.10009765625,2071.050048828125,2132.0,12195
2024-12-23,2080.64990234375,2099.89990234375,2074.050048828125,2080.60009765625,8291
2024-12-24,2126.85009765625,2152.0,2080.10009765625,2082.64990234375,11929
2024-12-26,2100.10009765625,2125.0,2068.050048828125,2107.5,8186
2024-12-27,2144.050048828125,2173.14990234375,2083.199951171875,2111.199951171875,10139
2024-12-30,2123.85009765625,2155.300048828125,2086.550048828125,2155.300048828125,8811
2024-12-31,2121.0,2151.64990234375,2105.10009765625,2134.949951171875,2981
2025-01-01,2101.60009765625,2137.300048828125,2082.949951171875,2125.199951171875,4048
2025-01-02,2188.0,2215.0,2084.550048828125,2096.5,26258
2025-01-03,2141.550048828125,2200.89990234375,2132.85009765625,2196.75,4758
2025-01-06,2120.60009765625,2147.14990234375,2010.0999755859375,2136.0,27189
2025-01-07,2161.800048828125,2202.050048828125,2120.25,2130.0,12559
2025-01-08,2165.10009765625,2217.949951171875,2136.14990234375,2173.0,10154
2025-01-09,2151.35009765625,2193.25,2146.5,2193.25,3517
2025-01-10,2145.5,2179.75,2120.0,2162.699951171875,12875
2025-01-13,2031.550048828125,2135.89990234375,2020.0999755859375,2126.0,9488
2025-01-14,2080.60009765625,2100.0,2026.6500244140625,2026.6500244140625,3368
2025-01-15,2118.300048828125,2148.800048828125,2062.0,2062.0,5658
2025-01-16,2080.39990234375,2121.0,2070.0,2106.550048828125,4071
2025-01-17,2038.199951171875,2107.60009765625,2020.0,2107.449951171875,7083
2025-01-20,2048.25,2060.0,1995.199951171875,2038.199951171875,8238
2025-01-21,1976.699951171875,2098.949951171875,1963.5999755859375,2098.949951171875,11391
2025-01-22,2062.050048828125,2078.800048828125,1958.699951171875,1970.0,15697
2025-01-23,2062.949951171875,2080.0,2000.0,2000.050048828125,3054
2025-01-24,1995.1500244140625,2062.39990234375,1990.0,2025.050048828125,4072
2025-01-27,1845.699951171875,1960.1500244140625,1829.4000244140625,1960.0,19570
2025-01-28,1750.4000244140625,1846.300048828125,1674.800048828125,1821.050048828125,17798
2025-01-29,1785.75,1843.4000244140625,1721.0,1721.0,12009
2025-01-30,1738.199951171875,1820.5999755859375,1725.199951171875,1795.0999755859375,8559
2025-01-31,2000.1500244140625,2042.0,1742.949951171875,1742.949951171875,98149
2025-02-01,1987.25,1999.949951171875,1922.199951171875,1970.1500244140625,13032
2025-02-03,1916.25,1979.800048828125,1898.449951171875,1979.800048828125,8650
2025-02-04,1897.8499755859375,1941.199951171875,1872.0,1941.199951171875,3619
2025-02-05,1917.800048828125,1966.050048828125,1900.0,1900.0,3180
2025-02-06,1894.199951171875,1938.6500244140625,1887.949951171875,1920.0,5787
2025-02-07,1866.0999755859375,1912.25,1852.0,1904.199951171875,10999
2025-02-10,1829.3499755859375,1889.949951171875,1817.0,1887.550048828125,6194
2025-02-11,1756.6500244140625,1836.050048828125,1743.0,1834.0,10157
2025-02-12,1758.75,1779.0,1689.5,1750.0,10137
2025-02-13,1782.1500244140625,1814.949951171875,1742.8499755859375,1785.800048828125,16331
2025-02-14,1860.199951171875,1895.949951171875,1725.0,1773.050048828125,25075
2025-02-17,1741.4000244140625,1841.5999755859375,1725.0,1832.300048828125,10665
2025-02-18,1721.699951171875,1760.0,1649.949951171875,1738.4000244140625,9941
2025-02-19,1718.4000244140625,1768.949951171875,1708.25,1721.699951171875,4360
2025-02-20,1700.25,1740.1500244140625,1693.199951171875,1702.800048828125,3764
2025-02-21,1702.699951171875,1737.8499755859375,1700.0,1700.0,5099
2025-02-24,1699.9000244140625,1719.0,1671.0,1700.0,7000
2025-02-25,1647.8499755859375,1722.0,1639.0,1700.0,12734
2025-02-27,1595.199951171875,1656.449951171875,1590.0,1641.0,9385
2025-02-28,1602.050048828125,1623.8499755859375,1551.1500244140625,1580.699951171875,20426
2025-03-03,1529.449951171875,1605.449951171875,1521.0,1605.0,7007
2025-03-04,1590.9000244140625,1600.0,1504.050048828125,1520.9000244140625,10233
2025-03-05,1628.25,1665.9000244140625,1561.050048828125,1576.4000244140625,6960
2025-03-06,1625.3499755859375,1658.25,1595.0,1620.0999755859375,10126
2025-03-07,1609.6500244140625,1635.0,1600.0,1628.0,7747
2025-03-10,1504.75,1627.0,1481.0,1609.6500244140625,12991
2025-03-11,1463.4000244140625,1500.0,1445.6500244140625,1486.8499755859375,29097
2025-03-12,1453.0,1474.449951171875,1431.949951171875,1471.0999755859375,13895
2025-03-13,1406.550048828125,1494.949951171875,1393.0,1460.300048828125,20070
2025-03-17,1361.8499755859375,1435.949951171875,1352.0,1423.949951171875,23603
2025-03-18,1361.8499755859375,1361.8499755859375,1361.8499755859375,1361.8499755859375,0
2025-03-19,1426.300048828125,1512.0,1413.0,1491.0999755859375,46159
2025-03-20,1406.300048828125,1465.6500244140625,1397.0,1427.949951171875,38021
2025-03-21,1404.25,1460.0,1390.0,1411.4000244140625,14349
2025-03-24,1487.800048828125,1515.0,1405.3499755859375,1411.699951171875,28265
2025-03-25,1563.699951171875,1575.0,1493.4000244140625,1493.4000244140625,49589
2025-03-26,1522.9000244140625,1669.8499755859375,1515.0,1525.0,56660
2025-03-27,1522.5999755859375,1581.699951171875,1475.5999755859375,1522.9000244140625,21938
2025-03-28,1559.5,1577.6500244140625,1512.199951171875,1522.0,25189
2025-04-01,1556.699951171875,1590.0,1515.0,1552.9000244140625,14199
2025-04-02,1530.300048828125,1561.550048828125,1520.5,1542.5,3570
2025-04-03,1562.050048828125,1595.8499755859375,1488.0,1538.4000244140625,14629
2025-04-04,1440.1500244140625,1554.0,1413.199951171875,1538.5999755859375,19375
2025-04-07,1338.050048828125,1400.0,1278.050048828125,1400.0,31377
2025-04-08,1339.1500244140625,1400.050048828125,1320.5,1374.5999755859375,13181
2025-04-09,1296.449951171875,1370.949951171875,1276.0,1343.5,39077
2025-04-11,1387.25,1449.0,1315.449951171875,1325.949951171875,85686
2025-04-15,1427.699951171875,1440.4000244140625,1393.5,1410.800048828125,17446
2025-04-16,1518.4000244140625,1547.300048828125,1401.0,1434.800048828125,39167
2025-04-17,1517.699951171875,1566.699951171875,1490.800048828125,1509.300048828125,19829
2025-04-21,1572.800048828125,1582.0,1499.300048828125,1512.5999755859375,16455
2025-04-22,1620.300048828125,1629.5999755859375,1546.5999755859375,1576.0,12928
2025-04-23,1635.0,1651.0999755859375,1600.0,1628.0,14288
2025-04-24,1627.0,1695.4000244140625,1614.4000244140625,1630.0,16094
2025-04-25,1632.199951171875,1714.199951171875,1552.0999755859375,1630.0,39418
2025-04-28,1567.800048828125,1625.0,1513.800048828125,1625.0,40023
2025-04-29,1565.199951171875,1605.9000244140625,1541.0,1565.0,17058
2025-04-30,1535.4000244140625,1561.0999755859375,1520.0,1551.5,4653
2025-05-02,1491.4000244140625,1555.0,1486.199951171875,1542.9000244140625,11190
2025-05-05,1474.5999755859375,1500.0,1462.0999755859375,1480.0,17037
2025-05-06,1452.5,1491.9000244140625,1435.0,1474.5999755859375,12816
2025-05-07,1418.199951171875,1454.5,1404.4000244140625,1430.699951171875,17722
2025-05-08,1408.5999755859375,1457.0999755859375,1401.0999755859375,1425.5999755859375,11074
2025-05-09,1393.800048828125,1404.9000244140625,1370.0,1387.5,10423
2025-05-12,1497.9000244140625,1515.0,1426.0999755859375,1426.0999755859375,8878
2025-05-13,1474.0,1523.199951171875,1467.0,1505.800048828125,18150
2025-05-14,1520.300048828125,1547.9000244140625,1482.5,1485.800048828125,17125
2025-05-15,1497.199951171875,1547.199951171875,1491.0,1535.0,19452
2025-05-16,1496.199951171875,1547.4000244140625,1482.0,1517.5,25374
2025-05-19,1480.800048828125,1533.0,1470.699951171875,1482.5999755859375,27619
2025-05-20,1454.5,1503.0999755859375,1442.0,1480.800048828125,24001
2025-05-21,1458.0,1479.800048828125,1443.199951171875,1462.199951171875,10129
2025-05-22,1455.5,1475.0,1444.699951171875,1450.0,7636
2025-05-23,1451.699951171875,1496.699951171875,1444.5,1462.5,10192
2025-05-26,1476.9000244140625,1486.0,1451.699951171875,1451.699951171875,9833
2025-05-27,1479.0999755859375,1500.800048828125,1468.9000244140625,1481.9000244140625,8032
2025-05-28,1512.199951171875,1552.0,1470.699951171875,1479.0,25639
2025-05-29,1495.0,1517.9000244140625,1483.0,1512.199951171875,13429
2025-05-30,1530.300048828125,1559.9000244140625,1497.800048828125,1502.9000244140625,42993
2025-06-02,1529.199951171875,1548.699951171875,1512.0999755859375,1537.9000244140625,9483
2025-06-03,1509.0999755859375,1530.5,1505.5,1530.0,5796
2025-06-04,1481.5999755859375,1509.0999755859375,1474.699951171875,1500.0,12890
2025-06-05,1475.199951171875,1494.300048828125,1467.800048828125,1480.0,10456
2025-06-06,1461.5,1497.9000244140625,1452.0,1481.9000244140625,10583
2025-06-09,1476.0,1497.0,1461.0,1461.5,14154
2025-06-10,1475.0,1545.0,1469.9000244140625,1474.0,45543
2025-06-11,1469.4000244140625,1494.0,1456.0,1463.0,19283
2025-06-12,1486.5,1509.0,1443.0999755859375,1484.0999755859375,36692
2025-06-13,1464.4000244140625,1487.9000244140625,1439.9000244140625,1471.0999755859375,38447
